Rank,Country,GDP per capita
1,Luxembourg,"105,803"
2,Switzerland,"80,591"
—,Macau,"77,451"
3,Norway,"74,941"
4,Ireland,"70,638"
5,Iceland,"70,332"
6,Qatar,"60,804"
7,United States,"59,501"
8,Singapore,"57,713"
9,Denmark,"56,444"
10,Australia,"55,707"
11,Sweden,"53,218"
12,Netherlands,"48,346"
13,San Marino,"47,406"
14,Austria,"47,290"
—,Hong Kong,"46,109"
15,Finland,"46,017"
16,Canada,"45,077"
17,Germany,"44,550"
18,Belgium,"43,582"
19,New Zealand,"41,593"
20,Israel,"40,258"
21,France,"39,869"
22,United Kingdom,"39,735"
23,Japan,"39,440"
24,United Arab Emirates,"37,226"
25,Italy,"31,984"
26,Bahamas,"31,255"
—,Puerto Rico,"30,488"
27,South Korea,"30,091"
28,Brunei,"29,712"
29,Spain,"28,359"
30,Kuwait,"27,319"
31,Malta,"27,250"
32,Cyprus,"24,976"
—,Taiwan,"24,577"
33,Bahrain,"24,029"
34,Slovenia,"23,654"
35,Portugal,"21,161"
36,Saudi Arabia,"21,120"
37,Czech Republic,"20,152"
38,Estonia,"19,840"
39,Greece,"18,637"
40,Oman,"17,973"
41,Barbados,"17,859"
42,Slovakia,"17,664"
43,Palau,"17,096"
44,Lithuania,"16,730"
45,Uruguay,"16,722"
46,Antigua and Barbuda,"16,702"
47,Saint Kitts and Nevis,"16,296"
48,Trinidad and Tobago,"15,769"
49,Seychelles,"15,686"
50,Latvia,"15,547"
51,Hungary,"15,531"
52,Panama,"15,089"
53,Chile,"15,070"
54,Argentina,"14,467"
55,Poland,"13,823"
56,Croatia,"13,138"
57,Equatorial Guinea,"12,727"
58,Maldives,"12,527"
59,Costa Rica,"11,685"
60,Lebanon,"11,409"
61,Romania,"10,757"
—,World,"10,728"
62,Russia,"10,508"
63,Turkey,"10,512"
64,Grenada,"10,360"
65,Brazil,"9,895"
66,Malaysia,"9,813"
67,Mauritius,"9,794"
68,Saint Lucia,"9,607"
69,Mexico,"9,304"
70,Kazakhstan,"8,841"
71,China,"8,643"
72,Nauru,"8,575"
73,Bulgaria,"8,064"
74,Gabon,"7,972"
75,Dominica,"7,921"
76,Botswana,"7,877"
77,Montenegro,"7,647"
78,Dominican Republic,"7,375"
79,Saint Vincent and the Grenadines,"7,271"
80,Peru,"6,762"
81,Venezuela,"6,684"
82,Turkmenistan,"6,643"
83,Thailand,"6,591"
84,Colombia,"6,273"
85,South Africa,"6,180"
86,Ecuador,"6,098"
87,Serbia,"5,899"
88,Belarus,"5,760"
89,Suriname,"5,746"
90,Fiji,"5,740"
91,Jordan,"5,678"
92,Macedonia,"5,474"
93,Namibia,"5,413"
94,Iran,"5,305"
95,Bosnia and Herzegovina,"5,149"
96,Iraq,"5,088"
97,Jamaica,"5,048"
98,Libya,"4,859"
99,Belize,"4,806"
100,Guyana,"4,710"
101,Albania,"4,583"
102,Guatemala,"4,472"
103,Angola,"4,408"
104,El Salvador,"4,400"
105,Algeria,"4,292"
106,Paraguay,"4,260"
107,Samoa,"4,253"
108,Tonga,"4,177"
109,Azerbaijan,"4,141"
110,Georgia,"4,099"
111,Sri Lanka,"4,085"
112,Swaziland,"3,915"
113,Kosovo,"3,880"
114,Indonesia,"3,876"
115,Armenia,"3,861"
116,Mongolia,"3,640"
117,Tuvalu,"3,638"
118,Marshall Islands,"3,625"
119,Tunisia,"3,496"
120,Bolivia,"3,353"
121,Cape Verde,"3,238"
122,Micronesia,"3,200"
123,Morocco,"3,151"
124,Vanuatu,"3,094"
125,Philippines,"2,976"
126,Bhutan,"2,903"
127,Papua New Guinea,"2,861"
128,Honduras,"2,766"
129,Ukraine,"2,583"
130,Laos,"2,542"
131,Egypt,"2,501"
132,Vietnam,"2,354"
133,Moldova,"2,280"
134,Nicaragua,"2,207"
135,East Timor,"2,104"
136,Solomon Islands,"2,081"
137,Nigeria,"1,994"
138,Djibouti,"1,989"
139,India,"1,983"
140,Republic of the Congo,"1,958"
141,São Tomé and Príncipe,"1,785"
142,Kiribati,"1,721"
143,Kenya,"1,702"
144,Ghana,"1,663"
145,Côte d'Ivoire,"1,617"
146,Bangladesh,"1,602"
147,Pakistan,"1,541"
148,Uzbekistan,"1,491"
149,Zambia,"1,480"
150,Sudan,"1,428"
151,Lesotho,"1,425"
152,Cameroon,"1,401"
153,Cambodia,"1,390"
154,Mauritania,"1,318"
155,Myanmar,"1,264"
156,Zimbabwe,"1,176"
157,Kyrgyzstan,"1,144"
158,Senegal,"1,038"
159,Tanzania,"1,034"
160,Eritrea,980
161,Ethiopia,873
162,Nepal,834
163,Benin,830
164,Tajikistan,824
165,Mali,811
166,Chad,810
167,Guinea-Bissau,794
168,Comoros,788
169,Haiti,784
170,Rwanda,772
171,Guinea,749
172,Liberia,729
173,Uganda,699
174,Burkina Faso,664
175,Togo,611
176,Afghanistan,588
177,Yemen,551
178,Sierra Leone,491
179,Gambia,480
180,Democratic Republic of the Congo,478
181,Madagascar,448
182,Niger,440
183,Mozambique,429
184,Central African Republic,387
185,Malawi,324
186,Burundi,312
187,South Sudan,228